Tonegawa,Nakagawa,Arakawa,Sumidagawa,Tamagawa,Tsurumigawa
139.8808692,139.8227521,139.8504123,139.8135235,139.7102857,139.682761
35.76605474,35.74234092,35.65991596,35.736287,35.53606419,35.51440511